avID,man,aut,year,mon,day,rain24hr,fogflag,min_vis,fg_onset,fg_finish,fg_duration,wind5,T5,Td5,RH5,QNH5,pptn5,wind8,T8,Td8,RH8,QNH8,pptn8,wind11,T11,Td11,RH11,QNH11,pptn11,wind14,T14,Td14,RH14,QNH14,pptn14,wind17,T17,Td17,RH17,QNH17,pptn17,wind20,T20,Td20,RH20,QNH20,pptn20
YSSY  , 0, 4, 2000, 05, 25,    1.8, YES,   2.50, 16.15, 17.45, 01.30, 360/11, 18.3, 15.4, 83,1011.4,   0.8,360/04, 18.4, 15.3, 82,1011.2,   1.0,000/00, 16.4, 15.2, 93,1011.3,   1.6,300/06, 15.3, 14.3, 94,1010.3,   1.6,300/11, 14.1, 13.6, 97,1009.6,   1.6,320/07, 13.3, 10.4, 83,1009.5,   1.8
YSSY  , 0, 10, 2000, 06, 18,    0.6, YES,   0.50, 18.15, 24.45, 06.30, 170/09, 15.3, 12.8, 85,1028.6,   0.0,150/05, 14.4, 12.9, 91,1028.8,   0.0,070/11, 15.2, 12.7, 85,1029.2,   0.0,220/06, 13.4, 12.7, 96,1028.9,   0.4,320/06, 11.8, 11.5, 98,1027.1,   0.4,350/07, 11.0, 10.4, 96,1026.9,   0.4
YSSY  , 0, 6, 2000, 07, 06,    1.4, YES,   1.50, 20.15, 22.30, 02.15, 040/04, 17.6,  7.2, 50,1015.2,   0.0,040/05, 15.4,  9.4, 67,1015.7,   0.0,000/00, 13.0,  9.5, 79,1016.1,   1.2,290/04, 11.2, 10.0, 92,1015.1,   1.2,310/06,  9.4,  8.8, 96,1014.1,   1.4,310/05,  8.7,  7.4, 92,1014.3,   1.4
YSSY  , 0, 7, 2000, 09, 20,    0.0, YES,   0.90, 18.45, 21.45, 03.00, 100/15, 20.9, 14.6, 67,1018.6,   0.0,060/08, 19.1, 15.4, 79,1019.8,   0.0,020/03, 18.4, 16.2, 87,1020.9,   0.0,,,,,,,350/03, 15.4, 14.2, 93,1017.7,   0.0,290/06, 14.4, 14.1, 98,1018.3,   0.0
YSSY  , 0, 1, 2000, 11, 19,    0.2, YES,   5.00, 18.36, 19.06, 00.30, 140/07, 21.0, 18.3, 85,1008.4,   0.0,180/08, 20.1, 18.7, 92,1008.2,   0.0,130/11, 19.5, 19.3, 99,1009.4,   0.0,170/05, 19.3, 18.2, 93,1008.3,   0.0,200/09, 18.8, 18.1, 96,1007.3,   0.0,190/10, 19.3, 17.7, 90,1008.1,   0.4
YSSY  , 0, 3, 2001, 01, 23,    0.0, YES,   5.00, 10.45, 12.15, 01.30, 120/12, 31.3, 21.0, 54,1010.6,   0.0,120/08, 27.1, 21.6, 72,1011.3,   0.0,160/16, 23.8, 22.8, 94,1013.8,   0.0,170/13, 22.9, 21.5, 92,1013.8,   0.0,200/08, 22.5, 20.8, 90,1012.8,   0.0,270/01, 23.4, 20.7, 85,1013.0,   0.0
YSSY  , 0, 9, 2001, 02, 04,    0.0, YES,   4.00, 14.15, 23.15, 09.00, 030/13, 29.9, 21.6, 61,1012.6,   0.0,040/13, 27.4, 21.7, 71,1011.7,   0.0,070/06, 25.3, 22.0, 82,1013.5,   0.0,170/13, 23.5, 22.6, 95,1013.8,   0.0,160/07, 22.5, 22.0, 97,1012.4,   0.0,230/04, 23.5, 22.5, 94,1013.2,   0.0
YSSY  , 0, 1, 2001, 02, 09,    0.0, YES,   6.00, 20.45, 21.15, 00.30, 040/17, 29.4, 19.5, 55,1008.2,   0.0,020/17, 27.2, 18.8, 60,1007.7,   0.0,020/05, 25.3, 20.3, 74,1009.0,   0.0,120/04, 23.4, 20.8, 85,1008.9,   0.0,010/05, 23.5, 21.3, 87,1007.2,   0.0,170/10, 22.7, 21.5, 93,1009.0,   0.0
YSSY  , 0, 11, 2001, 04, 05,    0.0, YES,   0.20, 17.45, 21.45, 04.00, 160/09, 22.6, 19.0, 80,1024.5,   0.0,090/06, 21.4, 18.6, 84,1024.8,   0.0,000/00, 20.4, 18.5, 89,1026.4,   0.0,220/04, 19.1, 18.3, 95,1026.4,   0.0,330/04, 17.6, 16.8, 95,1026.2,   0.0,300/05, 16.9, 16.9,100,1026.9,   0.0
YSSY  , 0, 6, 2001, 04, 18,    0.0, YES,   0.30, 18.30, 21.15, 02.45, 050/11, 24.2, 19.1, 73,1015.7,   0.0,030/07, 23.5, 18.4, 73,1015.9,   0.0,010/10, 23.2, 19.2, 78,1016.4,   0.0,010/05, 20.8, 17.6, 82,1015.7,   0.0,310/06, 18.2, 17.1, 93,1014.4,   0.0,330/05, 17.7, 17.2, 97,1014.4,   0.0
YSSY  , 0, 10, 2001, 04, 22,    1.6, YES,   0.80, 12.40, 21.15, 08.35, 290/09, 19.2, 15.4, 79,1010.7,   1.0,360/05, 18.3, 16.2, 88,1010.8,   1.6,290/03, 17.3, 15.9, 91,1010.9,   1.6,290/09, 15.6, 15.5, 99,1010.7,   1.6,300/07, 14.6, 14.0, 96,1009.6,   1.6,300/07, 13.3, 12.8, 97,1009.7,   1.6
YSSY  , 0, 8, 2001, 06, 01,    4.2, YES,   2.60, 17.15, 21.15, 04.00, 220/05, 16.2, 14.2, 88,1025.9,   0.6,200/01, 14.9, 13.6, 92,1026.8,   0.8,030/05, 13.9, 13.2, 96,1027.6,   0.8,310/04, 13.6, 13.5, 99,1027.3,   2.0,340/06, 11.3, 10.9, 97,1026.9,   4.2,340/05, 10.4,  9.9, 97,1027.0,   4.2
YSSY  , 0, 11, 2001, 06, 05,    0.0, YES,   0.15, 18.01, 23.15, 05.14, 050/08, 19.9, 12.4, 62,1026.7,   0.0,010/02, 17.3, 13.4, 78,1027.5,   0.0,250/02, 14.5, 13.0, 91,1027.7,   0.0,330/04, 12.9, 11.6, 92,1027.3,   0.0,360/07, 10.7, 10.4, 98,1026.2,   0.0,340/05,  9.9,  9.9,100,1026.5,   0.0
YSSY  , 0, 6, 2001, 07, 11,    0.0, YES,   0.50, 17.45, 20.10, 02.25, 180/07, 14.6, 13.4, 93,1024.5,   3.6,080/02, 14.9, 12.4, 85,1024.7,   3.6,230/03, 14.7, 13.5, 93,1025.4,   4.4,030/02, 13.4, 12.6, 95,1024.7,   6.0,320/04, 11.7, 11.5, 99,1024.5,   6.0,340/05, 11.3, 11.1, 99,1024.3,   6.0
YSSY  , 0, 11, 2001, 07, 12,    0.0, YES,   0.20, 18.45, 24.15, 05.30, 030/08, 17.4, 12.7, 74,1022.7,   0.0,250/03, 14.2, 12.4, 89,1022.8,   0.2,320/04, 13.3, 10.7, 84,1023.2,   0.2,350/06, 11.2, 10.0, 92,1023.0,   0.2,340/04, 10.2,  9.8, 97,1021.7,   0.2,320/06,  9.4,  9.4,100,1022.1,   0.2
YSSY  , 0, 7, 2001, 07, 26,    0.0, YES,   3.50, 17.36, 20.15, 02.39, 160/03, 15.3, 14.9, 97,1018.9,   4.4,200/06, 14.9, 14.7, 99,1017.8,   6.6,200/05, 14.6, 14.4, 99,1016.8,  10.6,180/13, 15.1, 14.4, 96,1014.5,  12.6,260/05, 14.1, 13.6, 97,1012.2,  13.8,280/06, 13.5, 13.0, 97,1011.7,  13.8
YSSY  , 0, 4, 2001, 09, 28,    0.0, YES,   0.90, 19.35, 21.15, 01.40, 090/09, 18.3,  9.0, 55,1024.8,   0.0,080/08, 16.6,  8.5, 59,1024.8,   0.0,040/05, 15.4,  8.3, 63,1025.6,   0.0,300/06, 14.2,  9.1, 71,1025.0,   0.0,360/05, 11.9,  8.8, 81,1023.4,   0.0,320/04, 11.6,  8.8, 83,1023.8,   0.0
YSSY  , 1, 4, 2002, 02, 07,    0.0, YES,   1.30, 20.20, 22.15, 01.55, 020/18, 22.8, 17.9, 74,1007.2,   2.2,020/15, 23.0, 17.9, 73,1005.9,   2.2,010/07, 22.6, 19.0, 80,1006.8,  18.4,340/05, 21.2, 19.0, 87,1005.0,   2.2,340/06, 18.6, 18.1, 97,1002.0,   2.2,260/03, 18.4, 17.9, 97,1001.9,   2.2
YSSY  , 0, 4, 2002, 03, 28,    0.0, YES,   0.30, 17.15, 19.05, 01.50, 100/07, 23.5, 18.8, 75,1011.4,   5.6,030/04, 21.8, 18.7, 83,1012.7,   5.6,240/04, 20.8, 18.9, 89,1013.6,   0.0,270/06, 19.7, 18.4, 92,1012.5,   5.8,300/05, 18.9, 17.9, 94,1010.7,   5.8,320/05, 18.5, 17.7, 95,1010.8,   5.8
YSSY  , 0, 9, 2002, 04, 24,    0.0, YES,   0.05, 18.35, 22.15, 03.40, 090/08, 25.9, 16.4, 56,1014.5,   0.0,020/03, 21.3, 17.9, 81,1015.6,   0.0,060/04, 19.7, 18.0, 90,1017.2,   0.0,000/00, 18.6, 17.1, 91,1017.1,   0.0,340/06, 17.7, 16.4, 92,1016.4,   0.0,310/08, 16.1, 16.1,100,1017.4,   0.0
YSSY  , 0, 8, 2002, 05, 05,    0.0, YES,   0.10, 17.37, 21.08, 03.31, 060/10, 21.7, 14.9, 65,1021.8,   0.0,020/08, 19.4, 15.4, 78,1022.1,   0.0,360/07, 18.6, 14.6, 78,1022.7,   0.0,300/03, 16.5, 14.8, 90,1022.2,   0.0,330/06, 14.6, 13.9, 96,1021.5,   0.0,320/08, 13.6, 13.5, 99,1022.1,   0.0
YSSY  , 0, 3, 2002, 05, 15,       , YES,   0.50, 19.07, 20.44, 01.37, 180/09, 17.4, 15.4, 88,1016.4,   2.8,170/06, 16.1, 14.6, 91,1016.2,   2.8,290/07, 15.3, 13.9, 91,1016.3,   2.8,340/06, 14.4, 13.3, 93,1015.5,   2.8,310/06, 13.5, 12.8, 96,1014.1,   2.8,330/06, 12.2, 12.2,100,1013.7,   2.8
YSSY  , 0, 2, 2002, 06, 04,    0.0, YES,   1.50, 18.15, 19.15, 01.00, 090/08, 19.3, 11.2, 59,1027.9,   0.0,020/08, 17.1, 12.0, 72,1028.2,   0.0,340/04, 15.1, 12.2, 83,1028.6,   0.0,320/04, 12.7, 11.0, 89,1027.9,   0.0,360/05, 10.8, 10.4, 97,1027.4,   0.0,330/08,  9.9,  9.1, 95,1026.8,   0.0
YSSY  , 0, 5, 2002, 09, 22,    0.0, YES,   4.00, 18.37, 20.45, 02.08, 030/18, 23.4, 10.6, 44,1012.6,   0.0,020/16, 19.4, 14.8, 75,1012.9,   0.0,360/11, 19.3, 15.2, 77,1014.3,   0.0,350/05, 17.2, 14.5, 84,1014.0,   0.0,020/03, 14.5, 13.4, 93,1012.5,   0.0,170/13, 15.6, 14.9, 96,1013.2,   0.0
YSSY  , 0, 5, 2002, 10, 06,    0.0, YES,   2.50, 19.15, 21.45, 02.30, 070/17, 24.0,  7.2, 34,1009.5,   0.0,060/09, 21.5, 14.7, 65,1010.3,   0.0,120/07, 17.8, 16.3, 91,1011.7,   0.0,170/07, 17.1, 16.4, 96,1011.9,   0.0,320/04, 16.4, 14.8, 90,1010.5,   0.0,320/08, 15.8, 15.0, 95,1011.5,   0.0
YSSY  , 0, 7, 2002, 11, 09,    0.0, YES,   0.90, 17.15, 20.01, 02.46, 050/16, 25.2, 14.7, 52,1013.5,   0.0,060/10, 22.4, 15.8, 66,1015.3,   0.0,110/05, 20.4, 17.3, 82,1017.3,   0.0,040/06, 19.8, 18.2, 91,1016.5,   0.0,340/05, 19.3, 17.9, 92,1015.3,   0.0,310/06, 19.4, 17.2, 87,1015.5,   0.0
YSSY  , 0, 1, 2003, 02, 21,    0.0, YES,   5.00, 22.45, 23.15, 00.30, 030/15, 20.7, 19.5, 93,1015.1,  13.2,030/18, 21.9, 19.8, 88,1012.9,  16.8,010/15, 21.8, 20.4, 92,1013.1,  17.2,030/07, 21.2, 20.3, 95,1011.3,  17.2,050/04, 20.8, 20.4, 98,1009.1,  17.4,000/00, 21.0, 20.3, 96,1008.8,  17.4
YSSY  , 0, 1, 2003, 03, 11,    0.0, YES,   4.70, 00.15, 24.45, 00.30, 150/19, 20.7, 19.6, 93,1017.0,   0.4,150/18, 20.3, 18.8, 91,1018.3,   5.4,120/11, 20.4, 19.1, 92,1020.0,   6.8,120/17, 19.5, 18.6, 95,1020.6,   7.0,100/10, 20.4, 18.0, 86,1020.2,   8.4,160/15, 19.2, 18.1, 93,1021.9,   9.2
YSSY  , 0, 5, 2003, 04, 26,   52.4, YES,   2.00, 20.28, 22.45, 02.17, 110/10, 21.7, 14.2, 62,1024.8,   0.0,070/08, 19.5, 14.7, 74,1025.0,   0.0,060/07, 19.5, 15.2, 76,1025.0,   0.0,050/07, 18.9, 16.0, 83,1023.5,   0.6,050/16, 19.3, 15.8, 80,1021.9,   2.2,050/14, 19.6, 15.0, 75,1021.9,   2.4
YSSY  , 0, 1, 2003, 05, 07,    0.2, YES,   3.50, 18.45, 19.15, 00.30, 120/07, 22.3, 11.8, 51,1027.0,   0.2,080/07, 18.2, 14.9, 81,1026.7,   0.2,000/00, 16.6, 15.3, 92,1027.0,   0.2,250/03, 15.2, 14.2, 94,1026.0,   0.2,310/05, 13.7, 12.8, 94,1024.8,   0.2,340/08, 12.4, 11.3, 93,1024.8,   0.2
YSSY  , 0, 1, 2003, 05, 15,   43.2, YES,   6.00, 13.59, 14.29, 00.30, 340/05, 18.2, 15.7, 85,1019.3,  18.0,260/06, 17.3, 16.0, 92,1019.4,  19.2,260/07, 16.3, 15.8, 97,1019.4,  24.8,260/07, 15.8, 15.5, 98,1017.8,  26.6,200/10, 16.2, 15.9, 98,1016.1,  27.2,130/07, 16.3, 16.0, 98,1014.8,  37.4
YSSY  , 0, 3, 2003, 05, 17,    8.2, YES,   0.80, 19.04, 20.04, 01.00, 190/06, 18.9, 18.4, 97,1005.3,   8.0,190/14, 18.1, 17.3, 95,1006.4,   8.0,230/09, 17.6, 16.6, 94,1007.6,   8.0,250/05, 16.6, 15.4, 93,1007.0,   8.2,350/07, 15.3, 14.5, 95,1006.3,   8.2,310/06, 14.6, 14.3, 98,1006.7,   8.2
YSSY  , 0, 11, 2003, 06, 10,    0.0, YES,   0.30, 18.26, 22.33, 04.07, 130/06, 17.2, 10.6, 65,1027.1,   0.0,070/04, 16.0, 10.9, 72,1027.7,   0.0,000/00, 15.3, 11.2, 77,1028.3,   0.0,330/03, 12.2, 10.3, 88,1028.1,   0.0,330/07, 10.0,  9.4, 96,1027.4,   0.0,320/06,  9.4,  8.2, 92,1027.9,   0.0
YSSY  , 1, 10, 2003, 06, 26,    7.6, YES,   0.10, 16.35, 21.45, 05.10, 160/08, 16.6, 14.4, 87,1016.4,   0.4,150/12, 15.9, 14.3, 90,1015.9,   0.4,320/04, 15.1, 14.1, 94,1015.0,   2.2,260/07, 14.7, 14.1, 96,1013.9,   7.4,310/07, 13.4, 13.3, 99,1012.1,   7.4,290/08, 12.8, 12.5, 98,1010.4,   7.4
YSSY  , 0, 1, 2003, 07, 10,    0.0, YES,   4.50, 22.15, 22.45, 00.30, 070/09, 17.0, 12.5, 75,1024.2,   0.0,030/07, 15.5, 12.0, 80,1024.3,   0.0,360/05, 14.7, 11.9, 83,1025.2,   0.0,320/03, 13.2, 11.6, 90,1025.0,   0.0,360/04, 11.6, 10.8, 95,1024.3,   0.0,260/07, 10.9, 10.5, 97,1024.3,   0.0
YSSY  , 0, 5, 2003, 10, 05,   10.2, YES,   4.00, 18.45, 21.45, 03.00, 050/12, 17.1, 11.2, 68,1017.9,   0.0,030/08, 15.4, 12.5, 83,1018.1,   9.4,280/06, 15.3, 14.1, 93,1018.9,   9.4,280/07, 14.8, 13.6, 93,1018.2,   9.8,280/06, 14.2, 13.3, 94,1015.3,   9.8,320/06, 13.9, 13.0, 94,1015.9,   9.8
YSSY  , 0, 1, 2003, 10, 25,    0.0, YES,   1.50, 18.15, 18.45, 00.30, 050/21, 20.6, 16.6, 78,1008.9,   0.0,050/16, 19.5, 17.8, 90,1008.9,   1.6,340/10, 19.7, 17.2, 86,1009.2,   1.6,000/00, 17.4, 15.8, 90,1007.4,   1.6,240/06, 15.6, 14.9, 96,1006.0,   1.6,240/07, 15.3, 12.6, 84,1007.3,   1.6
YSSY  , 0, 1, 2003, 11, 20,    0.0, YES,   6.00, 20.15, 20.45, 00.30, 040/07, 25.3, 17.7, 63,1009.1,   0.0,020/15, 26.9, 17.0, 55,1008.4,   0.0,100/06, 24.6, 19.3, 72,1010.4,   0.0,190/09, 21.3, 20.2, 93,1012.5,   0.2,070/06, 19.7, 18.9, 95,1010.1,  10.0,110/07, 20.3, 19.8, 97,1010.9,  10.8
YSSY  , 0, 5, 2004, 01, 16,    0.0, YES,   5.00, 07.15, 18.45, 11.30, 150/07, 21.8, 21.2, 96,1006.6,  29.4,,,,,,,150/07, 21.4, 21.1, 98,1003.5,  30.2,230/06, 21.4, 21.3, 99,1001.2,  31.8,220/01, 21.4, 21.1, 98, 997.8,  32.6,300/05, 21.9, 21.0, 95, 998.0,  32.6
YSSY  , 0, 10, 2004, 03, 06,    0.0, YES,   1.80, 14.45, 20.27, 05.42, 140/16, 20.9, 20.7, 99,1006.6,  13.4,140/16, 21.3, 21.1, 99,1004.7,  19.8,140/16, 21.6, 21.2, 98,1004.6,  24.2,080/10, 23.0, 22.6, 98,1002.9,  27.6,290/06, 22.6, 22.2, 98,1002.0,  27.6,210/10, 22.0, 21.6, 98,1002.1,  27.6
YSSY  , 0, 4, 2004, 04, 04,   30.8, YES,   4.00, 19.45, 21.45, 02.00, 120/18, 21.5, 18.0, 80,1025.3,   3.2,130/11, 20.7, 17.4, 81,1026.2,   3.4,130/10, 19.7, 18.6, 93,1027.3,  21.6,150/14, 20.3, 18.6, 90,1026.7,  26.0,270/04, 18.5, 18.1, 98,1025.2,  30.6,250/04, 18.1, 17.7, 98,1025.9,  30.6
YSSY  , 0, 8, 2004, 04, 05,    8.6, YES,   0.30, 19.39, 23.15, 03.36, 100/14, 20.9, 17.2, 79,1026.1,   0.2,080/11, 20.1, 17.3, 84,1026.6,   5.6,050/08, 20.4, 16.8, 80,1027.6,   5.6,040/07, 19.7, 16.7, 83,1027.1,   5.6,250/05, 18.0, 17.3, 96,1025.7,   5.8,310/06, 17.3, 16.7, 96,1025.6,   8.6
YSSY  , 0, 4, 2004, 04, 21,    0.0, YES,   2.00, 20.45, 22.45, 02.00, ,,,,,,060/11, 21.1, 17.9, 82,1020.4,   0.0,010/04, 20.5, 17.6, 83,1022.0,   0.0,320/04, 19.1, 17.3, 89,1022.2,   0.0,290/05, 17.4, 16.2, 93,1021.1,   0.0,330/07, 16.9, 15.6, 92,1021.8,   0.0
YSSY  , 0, 8, 2004, 07, 11,    1.6, YES,   0.30, 14.12, 16.45, 02.33, 350/08, 16.5, 12.9, 79,1019.2,   1.4,330/06, 15.6, 12.7, 83,1019.9,   1.6,250/08, 12.7, 12.0, 96,1020.1,   1.6,300/06, 12.0, 11.0, 94,1020.2,   1.6,320/09, 11.5, 10.5, 94,1019.3,   1.6,310/07, 10.8,  8.4, 85,1019.9,   1.6
YSSY  , 0, 3, 2004, 08, 24,    0.0, YES,   0.40, 20.45, 22.15, 01.30, 070/12, 19.2, 12.4, 65,1021.0,   0.0,050/13, 16.8, 12.9, 78,1021.8,   0.0,040/08, 16.5, 13.1, 80,1023.7,   0.0,250/06, 14.7, 13.1, 90,1023.9,   0.0,000/00, 13.2, 12.9, 98,1023.1,   0.0,310/06, 11.9, 11.2, 95,1024.3,   0.0
YSSY  , 0, 8, 2004, 08, 25,    0.0, YES,   0.40, 20.11, 23.15, 03.04, 060/20, 19.9, 11.5, 58,1021.4,   0.0,060/14, 18.1, 13.3, 74,1021.9,   0.0,040/12, 18.4, 13.1, 71,1023.2,   0.0,280/05, 16.0, 12.9, 82,1023.3,   0.0,000/00, 12.7, 12.0, 96,1021.5,   0.0,330/06, 12.5, 11.0, 91,1021.5,   0.0
YSSY  , 0, 3, 2004, 10, 21,    3.2, YES,   6.00, 14.39, 17.15, 02.36, 180/08, 18.7, 17.0, 90,1009.8,   0.0,180/07, 17.8, 16.5, 92,1009.8,   0.2,090/05, 17.6, 16.4, 93,1010.7,   0.2,100/04, 17.0, 16.7, 98,1009.3,   0.8,280/04, 16.9, 16.8, 99,1007.5,   0.8,000/00, 17.6, 16.7, 94,1007.8,   1.4
YSSY  , 0, 5, 2005, 06, 03,    0.0, YES,   0.30, 16.15, 21.15, 05.00, 110/07, 18.7, 11.2, 62,1023.2,   0.0,040/07, 14.9, 11.9, 82,1023.4,   0.0,220/05, 14.1, 12.8, 92,1024.2,   0.0,320/04, 12.5, 11.0, 91,1023.6,   0.0,350/08, 10.0,  9.6, 97,1022.5,   0.0,340/06,  9.5,  7.8, 89,1022.9,   0.0
YSSY  , 0, 1, 2005, 06, 25,    9.8, YES,   6.00, 23.09, 23.39, 00.30, 150/11, 16.3,  8.7, 61,1028.6,   1.2,160/12, 15.4,  8.7, 64,1029.1,   1.2,130/13, 15.6,  8.1, 61,1029.7,   1.2,300/05, 12.6, 11.1, 91,1030.2,   5.4,280/07, 11.6, 10.8, 95,1029.6,   7.6,270/04, 11.5, 10.8, 95,1030.3,   9.6
YSSY  , 0, 1, 2005, 10, 20,    4.8, YES,   5.00, 12.45, 13.15, 00.30, 040/17, 19.5, 16.0, 80,1013.5,   0.0,050/12, 18.3, 17.0, 92,1013.3,   0.4,030/15, 19.1, 17.3, 89,1013.9,   1.4,040/15, 18.1, 17.3, 95,1012.6,   2.0,340/06, 17.6, 17.3, 98,1011.1,   3.6,010/07, 18.9, 17.4, 91,1010.8,   3.8
YSSY  , 0, 1, 2005, 11, 25,    1.6, YES,   5.00, 19.45, 20.15, 00.30, 060/09, 20.2, 13.8, 67,1014.2,   5.6,060/09, 19.0, 14.5, 75,1014.0,   5.6,050/04, 17.8, 14.7, 82,1014.1,   5.6,310/03, 18.9, 15.3, 80,1012.7,   5.6,300/07, 16.7, 15.0, 90,1010.2,   5.6,330/06, 16.6, 14.8, 89,1010.8,   5.6
YSSY  , 0, 2, 2005, 12, 27,    0.0, YES,   6.00, 17.45, 18.41, 00.56, 060/17, 27.0, 19.2, 62,1014.2,   0.0,060/17, 25.9, 19.9, 70,1013.6,   0.0,040/11, 25.0, 21.4, 80,1014.8,   0.0,030/08, 24.5, 21.0, 81,1013.6,   0.0,050/05, 22.3, 21.3, 94,1010.7,   0.0,350/06, 24.1, 20.8, 82,1010.7,   0.0
YSSY  , 0, 6, 2005, 12, 30,    0.0, YES,   3.50, 16.15, 20.15, 04.00, 060/14, 31.3, 13.0, 33,1015.1,   0.0,050/10, 27.7, 20.2, 64,1016.4,   0.0,020/11, 25.9, 23.0, 84,1018.8,   0.0,050/07, 24.7, 22.8, 89,1018.8,   0.0,090/05, 23.7, 22.4, 92,1018.3,   0.0,040/01, 24.6, 23.0, 91,1019.4,   0.0
YSSY  , 0, 2, 2006, 02, 02,    0.0, YES,   6.00, 05.45, 06.45, 01.00, 170/19, 24.8, 23.2, 91,1008.6,   0.0,190/21, 23.0, 21.5, 91,1010.4,   0.0,190/21, 21.9, 20.2, 90,1013.7,   0.0,190/19, 21.6, 19.5, 88,1014.0,   0.0,190/17, 21.1, 19.6, 91,1013.6,   0.0,210/15, 20.5, 19.1, 92,1014.8,   0.0
YSSY  , 0, 2, 2006, 02, 18,    0.0, YES,   5.00, 19.10, 20.15, 01.05, 070/15, 33.7, 17.0, 37,1007.4,   0.0,190/21, 24.8, 22.3, 86,1009.1,   0.0,180/06, 24.1, 21.9, 88,1012.2,   0.2,050/01, 24.6, 22.5, 88,1010.4,   0.4,110/01, 22.2, 21.3, 95,1009.6,   0.4,170/08, 22.1, 21.5, 96,1010.5,   0.4
YSSY  , 0, 6, 2006, 04, 13,    1.0, YES,   0.70, 18.59, 21.37, 02.38, 330/10, 21.1, 18.1, 83,1016.5,   0.8,340/09, 21.4, 17.3, 77,1016.3,   1.0,350/10, 20.6, 16.5, 77,1018.0,   1.0,300/06, 20.2, 16.0, 77,1017.8,   1.0,290/06, 17.7, 16.4, 92,1017.3,   1.0,310/06, 16.7, 15.9, 95,1017.9,   1.0
YSSY  , 0, 1, 2006, 05, 14,   11.8, YES,   5.00, 16.45, 17.15, 00.30, 170/15, 18.1, 11.1, 64,1022.0,   0.0,180/14, 17.2, 11.9, 71,1023.1,   0.0,140/10, 17.1, 12.3, 73,1023.9,   0.0,140/12, 15.0, 14.4, 96,1024.4,   8.0,310/05, 14.4, 14.1, 98,1024.3,   8.0,180/07, 14.8, 13.6, 93,1025.5,  11.4
YSSY  , 0, 9, 2006, 06, 10,   10.6, YES,   1.20, 13.15, 18.15, 05.00, 310/05, 14.9, 12.7, 87,1015.5,   0.2,310/07, 15.0, 13.4, 90,1013.8,   0.2,270/09, 13.9, 13.6, 98,1011.4,   7.0,290/05, 13.5, 13.0, 97,1007.9,   9.0,270/08, 12.7, 12.3, 97,1006.9,   9.0,230/24, 11.1,  9.0, 87,1009.3,  10.0
YSSY  , 0, 38, 2006, 06, 22,    4.4, YES,   0.20, 15.15, 22.45, 07.30, 000/00, 14.4, 13.1, 92,1026.0,   3.0,050/03, 14.4, 11.6, 83,1026.6,   3.0,320/05, 13.7, 12.4, 92,1027.2,   3.6,330/05, 12.9, 12.4, 97,1026.0,   5.4,010/05, 11.5, 11.3, 99,1024.9,   5.6,350/04, 10.7, 10.3, 97,1024.4,   5.6
YSSY  , 0, 8, 2006, 07, 04,    3.6, YES,   0.80, 18.42, 22.15, 03.33, 190/13, 14.6, 12.5, 87,1026.5,   3.4,220/08, 13.7, 11.9, 89,1027.7,   3.4,270/06, 12.9, 11.0, 88,1028.5,   3.4,320/07, 10.3,  9.3, 94,1028.0,   3.4,320/08,  9.2,  8.6, 96,1027.3,   3.6,310/08,  7.8,  7.2, 96,1027.5,   3.6
YSSY  , 0, 1, 2006, 07, 13,    2.0, YES,   3.00, 21.15, 21.45, 00.30, 200/18, 13.7,  6.0, 60,1026.3,   0.0,230/13, 12.6,  4.1, 56,1027.8,   0.0,270/10, 12.0,  5.8, 66,1028.9,   0.0,320/06, 12.4,  5.0, 61,1028.6,   0.0,340/07, 10.9,  5.9, 71,1028.0,   0.0,350/07,  9.7,  8.4, 92,1028.8,   0.6
YSSY  , 0, 17, 2006, 07, 14,    6.6, YES,   0.15, 17.15, 23.29, 06.14, 060/07, 15.5,  9.7, 68,1025.5,   0.0,010/10, 14.3, 11.1, 81,1025.3,   0.0,230/06, 12.2, 11.8, 97,1024.8,   0.8,000/00, 12.3, 12.1, 99,1023.1,   1.2,250/05, 12.9, 12.4, 97,1020.8,   1.4,000/00, 12.5, 11.7, 95,1019.1,   1.4
YSSY  , 0, 1, 2006, 07, 25,    1.4, YES,   5.00, 21.45, 22.15, 00.30, 120/04, 16.3, 11.9, 75,1024.1,   0.0,050/05, 14.7, 12.1, 84,1024.8,   0.2,010/05, 14.8, 10.9, 77,1027.1,   0.2,000/00, 12.9, 10.8, 87,1027.1,   0.2,270/04, 12.4, 11.5, 94,1026.4,   0.2,210/07, 12.8, 12.0, 95,1026.6,   0.2
YSSY  , 0, 7, 2006, 07, 26,    6.4, YES,   0.70, 15.15, 17.15, 02.00, 190/11, 14.4, 14.0, 97,1024.4,   6.4,230/03, 14.0, 12.8, 92,1024.4,   6.4,310/05, 13.9, 12.4, 91,1024.8,   6.4,240/05, 12.0, 11.9, 99,1024.3,   6.4,250/04, 10.8, 10.6, 99,1022.8,   6.4,290/06, 10.7,  9.8, 94,1021.6,   6.4
YSSY  , 0, 15, 2006, 11, 28,    0.0, YES,   0.70, 15.11, 22.15, 07.04, 060/19, 30.1, 17.4, 47,1005.5,   0.0,040/17, 26.3, 18.1, 61,1004.8,   0.0,180/12, 21.7, 19.7, 88,1006.3,   0.0,200/11, 21.0, 19.8, 93,1005.6,   0.0,230/04, 19.3, 18.7, 96,1003.7,   0.2,000/00, 19.4, 19.1, 98,1004.0,   0.2
YSSY  , 0, 1, 2006, 12, 23,    0.2, YES,   6.00, 07.15, 07.45, 00.30, 190/13, 23.9, 20.2, 80,1012.7,   0.6,190/21, 20.5, 19.4, 93,1013.3,   0.6,190/18, 18.7, 17.7, 94,1014.9,   0.6,210/13, 18.9, 17.4, 91,1014.3,   1.0,210/07, 18.3, 17.3, 94,1012.4,   1.4,170/07, 18.4, 17.5, 94,1011.8,   1.8
YSSY  , 0, 1, 2007, 01, 24,    0.2, YES,   5.00, 21.26, 21.56, 00.30, 180/17, 23.1, 20.4, 85,1013.3,   2.6,180/17, 21.2, 19.8, 92,1014.4,   2.6,190/16, 20.3, 19.5, 95,1015.8,   2.6,200/11, 20.1, 19.6, 97,1015.3,   2.6,200/15, 19.7, 19.4, 98,1014.1,   3.2,200/10, 19.8, 18.9, 95,1014.3,   3.4
YSSY  , 0, 9, 2007, 03, 19,    0.2, YES,   0.10, 18.37, 21.45, 03.08, 050/10, 22.2, 20.1, 88,1018.8,   1.4,020/06, 22.4, 20.2, 87,1019.1,   1.6,300/05, 22.0, 20.4, 91,1020.3,   4.2,330/06, 21.2, 20.6, 96,1018.8,   4.2,330/05, 20.6, 20.1, 97,1017.0,   4.2,320/05, 20.6, 20.2, 98,1017.0,   4.2
YSSY  , 0, 8, 2007, 04, 19,    0.0, YES,   0.10, 15.45, 19.34, 03.49, 080/09, 22.9, 17.8, 73,1015.6,   0.0,050/08, 21.2, 19.0, 87,1015.9,   0.0,050/04, 20.5, 19.6, 95,1017.1,   0.0,240/03, 19.0, 18.5, 97,1016.7,   0.0,300/08, 17.3, 17.3,100,1015.5,   0.0,210/12, 19.1, 18.0, 93,1016.1,   0.0
YSSY  , 0, 8, 2007, 05, 13,    0.0, YES,   0.90, 19.30, 21.45, 02.15, 030/12, 21.8, 14.9, 65,1023.2,   0.0,030/07, 20.0, 16.3, 79,1023.4,   0.0,030/07, 20.3, 16.5, 79,1024.3,   0.0,350/06, 18.4, 16.2, 87,1024.1,   0.0,330/05, 16.3, 15.6, 96,1023.1,   0.0,340/07, 15.5, 14.5, 94,1023.4,   0.0
YSSY  , 0, 12, 2007, 05, 16,    0.0, YES,   0.20, 17.45, 22.26, 04.41, 070/09, 23.8, 16.8, 65,1018.5,   0.0,040/07, 20.2, 16.9, 81,1019.6,   0.0,010/05, 20.5, 17.4, 82,1020.9,   0.0,000/00, 17.6, 16.9, 96,1020.3,   0.0,000/00, 16.0, 15.5, 97,1020.1,   0.0,340/06, 15.3, 15.3,100,1020.8,   0.0
YSSY  , 0, 1, 2007, 06, 16,   15.4, YES,   4.00, 06.45, 07.15, 00.30, 170/25, 16.4, 11.6, 73,1015.7,   1.0,170/20, 14.3, 12.9, 91,1017.3,   5.6,200/19, 14.8, 13.2, 90,1017.7,  14.0,210/21, 14.0, 12.6, 91,1017.5,  15.4,210/19, 13.4, 11.7, 89,1017.1,  15.4,210/18, 13.5, 11.3, 87,1017.6,  15.4
YSSY  , 0, 2, 2007, 06, 24,   16.6, YES,   5.00, 15.45, 16.45, 01.00, 260/05, 14.1, 12.1, 88,1026.3,   6.2,340/05, 13.6, 12.5, 93,1026.0,   6.6,270/04, 11.6, 11.1, 97,1026.3,   6.8,340/04, 11.5, 11.1, 97,1025.7,   6.8,260/05, 11.5, 11.5,100,1025.2,   8.0,190/03, 11.9, 11.9,100,1024.4,  13.8
YSSY  , 0, 1, 2007, 07, 23,    0.2, YES,   4.50, 18.45, 19.15, 00.30, 020/07, 18.5,  7.4, 48,1028.4,   0.2,030/10, 15.0, 10.5, 74,1029.0,   0.2,010/08, 13.5,  9.8, 78,1029.5,   0.2,350/05, 11.2,  9.0, 86,1028.6,   0.2,330/06,  8.6,  7.6, 93,1027.5,   0.2,310/07,  8.2,  6.9, 91,1027.7,   0.2
YSSY  , 0, 10, 2007, 08, 16,    1.0, YES,   0.90, 20.01, 22.45, 02.44, 300/07, 15.7, 13.4, 86,1018.2,   0.6,290/06, 15.5, 12.1, 80,1017.9,   0.6,310/05, 14.6, 11.8, 83,1017.6,   0.6,300/04, 13.7, 12.1, 90,1015.9,   0.6,320/06, 12.4, 11.7, 95,1014.0,   0.6,360/05, 12.1, 11.4, 95,1013.4,   0.8
YSSY  , 2, 10, 2007, 08, 24,    5.6, YES,   0.40, 14.45, 23.45, 09.00, 050/14, 16.2, 11.1, 72,1025.2,   0.0,130/06, 14.6, 11.6, 82,1025.3,   0.2,130/04, 13.8, 13.1, 96,1025.6,   1.4,280/04, 13.4, 13.2, 99,1024.8,   5.2,290/05, 12.6, 12.4, 99,1023.0,   5.2,280/03, 12.7, 12.4, 98,1023.1,   5.6
YSSY  , 0, 3, 2007, 08, 25,    0.2, YES,   0.50, 18.03, 18.45, 00.42, 040/09, 18.6, 10.6, 60,1020.0,   0.2,050/06, 15.9, 11.4, 75,1020.6,   0.2,020/04, 15.2, 12.9, 86,1021.8,   0.2,330/05, 14.0, 11.8, 87,1021.5,   0.2,350/06, 11.7, 10.3, 91,1020.6,   0.2,330/08, 10.8,  9.4, 91,1021.3,   0.2
YSSY  , 0, 2, 2007, 10, 24,    3.0, YES,   5.00, 20.01, 20.45, 00.44, 170/17, 17.4, 16.6, 95,1014.4,   0.0,190/12, 17.0, 16.5, 97,1016.3,   0.2,190/09, 16.9, 16.4, 97,1017.6,   1.4,180/13, 17.5, 16.4, 93,1016.5,   2.4,180/11, 17.1, 15.9, 93,1014.6,   2.4,210/07, 16.5, 16.2, 98,1016.4,   2.8
YSSY  , 0, 7, 2007, 10, 27,    0.0, YES,   0.10, 16.45, 19.15, 02.30, 080/12, 24.0, 12.3, 48,1007.6,   0.2,060/14, 21.1, 16.5, 75,1008.1,   0.2,010/11, 21.0, 16.4, 75,1009.6,   0.2,190/04, 18.8, 17.0, 89,1009.2,   0.2,070/03, 18.1, 17.0, 93,1007.6,   0.2,320/07, 17.3, 15.3, 88,1007.8,   0.2
YSSY  , 0, 1, 2007, 11, 26,    0.4, YES,   6.00, 09.09, 09.39, 00.30, 170/13, 22.5, 18.7, 79,1017.3,   0.0,140/12, 21.8, 19.1, 85,1017.6,   0.0,140/12, 21.1, 19.3, 89,1018.9,   0.0,130/10, 20.3, 18.4, 89,1018.5,   0.0,210/11, 18.7, 18.2, 97,1018.1,  10.6,190/16, 17.9, 17.9,100,1019.4,  21.0
YSSY  , 0, 2, 2008, 03, 23,    0.0, YES,   6.00, 20.45, 22.15, 01.30, 170/10, 21.8, 16.5, 72,1020.7,   0.0,170/09, 21.2, 17.3, 78,1020.8,   0.0,210/06, 20.5, 19.1, 92,1021.4,   0.0,240/06, 19.8, 19.2, 96,1020.4,   1.2,000/00, 20.2, 19.6, 96,1017.9,   1.6,300/08, 19.5, 19.2, 98,1018.1,   2.0
YSSY  , 0, 3, 2008, 03, 24,    0.0, YES,   3.00, 19.45, 21.03, 01.18, 070/18, 24.8, 16.5, 60,1014.7,   0.2,040/12, 23.0, 19.1, 79,1015.0,   0.2,030/12, 22.3, 19.7, 85,1015.1,   0.2,010/15, 21.6, 18.9, 85,1013.2,   0.2,,,,,,,290/06, 19.0, 17.9, 93,1011.3,   0.2
YSSY  , 1, 10, 2008, 03, 25,    0.0, YES,   0.30, 16.15, 21.15, 05.00, ,,,,,,360/11, 22.8, 17.7, 73,1006.1,   1.2,270/14, 20.0, 18.7, 92,1008.1,   2.0,350/06, 18.9, 17.8, 93,1006.9,   5.6,270/07, 17.5, 16.9, 96,1006.1,   5.6,280/06, 17.5, 16.8, 96,1008.2,   5.6
YSSY  , 0, 12, 2008, 05, 14,    0.0, YES,   0.10, 18.21, 22.32, 04.11, 070/11, 20.3, 12.7, 62,1020.4,   0.0,040/06, 17.6, 13.6, 77,1021.2,   0.0,340/02, 17.1, 13.7, 80,1022.4,   0.0,,,,,,,330/06, 12.9, 11.8, 93,1021.2,   0.0,330/08, 11.9, 11.9,100,1021.6,   0.0
YSSY  , 0, 4, 2008, 05, 30,    0.0, YES,   3.00, 16.45, 21.45, 05.00, 110/06, 19.0, 12.1, 64,1028.7,   0.0,050/05, 16.9, 12.8, 77,1028.8,   0.0,350/05, 15.6, 12.5, 82,1028.9,   0.0,340/03, 13.4, 11.4, 88,1028.2,   0.0,330/06, 12.0, 10.9, 93,1027.5,   0.0,340/08, 10.8,  9.4, 91,1027.8,   0.0
YSSY  , 0, 3, 2008, 06, 01,   21.4, YES,   4.80, 23.41, 24.45, 01.04, 150/14, 17.8, 14.5, 81,1027.1,   0.0,120/11, 15.9, 14.5, 91,1027.6,   1.0,190/11, 15.3, 14.6, 96,1028.4,   6.4,110/11, 17.3, 13.2, 77,1027.7,  11.2,080/11, 15.8, 15.1, 96,1027.1,  17.2,110/17, 16.6, 15.4, 93,1026.5,  18.4
YSSY  , 0, 16, 2008, 06, 09,    1.2, YES,   0.35, 18.15, 24.45, 06.30, 360/05, 16.7, 14.1, 85,1028.0,   0.8,040/05, 15.6, 14.4, 93,1027.7,   1.0,250/04, 15.4, 14.3, 93,1027.7,   1.2,310/05, 14.0, 13.3, 96,1026.9,   1.2,350/04, 12.8, 12.5, 98,1025.6,   1.2,310/07, 12.3, 12.3,100,1026.0,   1.2
YSSY  , 0, 2, 2008, 06, 11,    3.0, YES,   5.00, 21.45, 22.45, 01.00, 360/08, 20.7, 13.4, 63,1020.5,   0.0,360/05, 19.8, 14.5, 71,1021.1,   0.0,220/05, 14.2, 12.9, 92,1022.9,   1.0,290/05, 14.4, 13.0, 91,1021.6,   1.8,340/07, 13.8, 13.1, 96,1021.0,   2.8,310/05, 14.3, 13.4, 94,1021.3,   3.0
YSSY  , 0, 1, 2008, 10, 28,    0.0, YES,   4.00, 00.45, 25.15, 00.30, 140/15, 19.7, 14.0, 70,1019.8,   0.0,120/11, 18.9, 14.6, 76,1020.8,   0.0,120/11, 18.8, 15.1, 79,1022.5,   0.0,130/09, 18.4, 14.9, 80,1021.9,   0.0,150/12, 16.6, 16.1, 97,1021.5,   0.0,150/15, 16.4, 16.1, 98,1023.8,   1.6
YSSY  , 0, 1, 2008, 11, 15,    0.0, YES,   6.00, 11.07, 11.37, 00.30, 180/11, 20.0, 17.1, 83,1012.0,   0.6,190/11, 19.8, 17.3, 86,1012.1,   0.6,190/07, 18.6, 18.3, 98,1014.2,   0.6,200/07, 18.7, 18.3, 98,1013.6,   0.6,190/14, 17.9, 16.9, 94,1013.3,   0.6,200/16, 17.8, 15.4, 86,1015.0,   0.6
YSSY  , 0, 1, 2008, 11, 28,    0.2, YES,   5.00, 16.45, 17.15, 00.30, 020/11, 24.5, 16.5, 61,1002.3,      ,030/06, 20.2, 19.1, 93,1001.8,      ,350/07, 20.7, 19.1, 91,1002.8,      ,290/01, 19.9, 18.6, 92,1000.7,      ,190/08, 18.7, 18.2, 97,1000.7,      ,220/06, 18.5, 18.2, 98,1000.1,      
YSSY  , 0, 7, 2008, 12, 26,    0.0, YES,   1.50, 18.35, 20.30, 01.55, 050/22, 27.5, 20.0, 64,1009.8,   0.0,040/21, 25.3, 20.1, 73,1009.6,   0.0,030/19, 23.5, 21.1, 86,1010.6,   0.0,010/03, 22.4, 20.7, 90,1010.6,   0.0,350/04, 21.4, 20.2, 93,1009.0,   0.0,030/07, 21.3, 20.7, 96,1009.4,   0.0
YSSY  , 0, 1, 2009, 02, 13,    0.0, YES,   4.50, 06.15, 06.45, 00.30, 110/11, 17.9, 16.3, 90,1024.8,   5.2,090/15, 17.0, 16.0, 94,1024.5,  10.2,,,,,,,150/16, 17.5, 16.9, 96,1024.1,  33.2,140/18, 17.3, 16.5, 95,1022.0,  39.0,110/15, 18.9, 14.0, 73,1022.5,  40.6
YSSY  , 0, 1, 2009, 03, 08,    0.0, YES,   6.00, 06.15, 06.45, 00.30, 180/17, 19.8, 19.0, 95,1018.7,   0.4,170/15, 19.2, 18.1, 93,1019.9,   2.2,150/14, 19.7, 18.8, 95,1021.5,   2.8,120/12, 20.8, 18.6, 87,1021.0,   3.0,110/10, 19.6, 18.2, 92,1020.5,   7.6,200/11, 18.6, 18.1, 97,1021.2,  16.0
YSSY  , 0, 4, 2009, 04, 13,   75.0, YES,   5.00, 20.36, 22.15, 01.39, 200/11, 19.7, 19.1, 96,1019.2,  13.0,090/12, 19.0, 18.6, 98,1018.8,  66.8,040/04, 20.1, 19.2, 95,1018.2,  73.6,270/06, 18.4, 17.9, 97,1016.9,  74.8,300/05, 18.0, 17.7, 98,1014.8,  74.8,320/06, 18.2, 17.4, 95,1015.1,  75.0
YSSY  , 0, 6, 2009, 04, 14,   20.2, YES,   1.00, 18.15, 19.45, 01.30, 090/13, 23.6, 17.0, 67,1010.9,   0.2,100/08, 21.6, 18.1, 80,1011.6,   0.2,050/07, 18.5, 16.7, 89,1012.1,  20.0,350/04, 18.5, 17.6, 95,1011.5,  20.0,300/07, 16.6, 16.1, 97,1010.4,  20.2,310/06, 16.2, 15.4, 95,1010.7,  20.2
YSSY  , 1, 0, 2009, 05, 25,    0.0, YES,   7.00, 22.01, 22.31, 00.30, 060/06, 20.1, 12.0, 60,1023.0,   0.0,020/06, 19.7, 12.0, 61,1022.7,   0.0,350/05, 18.7, 12.8, 69,1023.0,   0.0,300/08, 15.4, 13.1, 86,1022.2,   0.0,320/04, 13.2, 12.4, 95,1021.0,   0.0,330/05, 13.2, 11.9, 92,1021.3,   0.0
YSSY  , 0, 3, 2009, 05, 27,    3.2, YES,   0.50, 17.36, 18.45, 01.09, 240/06, 15.5, 14.4, 93,1018.3,   1.0,240/04, 15.2, 14.7, 97,1018.8,   3.0,300/09, 15.2, 14.4, 95,1019.5,   3.0,260/07, 14.6, 13.7, 94,1018.9,   3.0,250/05, 12.1, 11.7, 97,1018.8,   3.2,260/07, 12.7, 11.8, 94,1019.7,   3.2
YSSY  , 0, 19, 2009, 06, 03,    2.4, YES,   0.20, 15.15, 22.45, 07.30, 070/09, 17.9, 15.7, 87,1022.0,   2.2,050/08, 17.8, 14.9, 83,1022.3,   2.4,310/04, 16.6, 15.1, 91,1022.3,   2.4,330/05, 15.5, 14.7, 95,1021.3,   2.4,330/05, 13.9, 13.9,100,1020.4,   2.4,290/04, 13.1, 13.1,100,1020.0,   2.4
YSSY  , 0, 21, 2009, 06, 04,    0.0, YES,   0.30, 13.15, 21.30, 08.15, 020/04, 17.1, 13.8, 81,1016.5,   0.0,010/07, 17.7, 14.6, 82,1016.0,   0.0,320/05, 16.0, 14.0, 88,1016.5,   0.0,330/05, 13.3, 13.1, 99,1014.9,   0.0,320/07, 13.6, 13.6,100,1014.0,   0.0,310/09, 14.1, 13.4, 96,1013.6,   0.0
YSSY  , 0, 12, 2009, 09, 16,    0.0, YES,   0.30, 17.45, 22.15, 04.30, 180/09, 17.9, 15.7, 87,1019.7,   0.0,160/07, 17.3, 15.2, 87,1019.3,   0.0,040/05, 18.9, 16.2, 84,1019.9,   0.0,080/02, 16.9, 15.5, 91,1019.3,   0.0,310/06, 15.0, 14.3, 96,1017.0,   0.0,340/07, 15.6, 15.3, 98,1017.1,   0.0
YSSY  , 0, 1, 2010, 01, 02,    0.0, YES,   5.00, 16.41, 17.11, 00.30, 040/06, 27.7, 19.7, 62,1004.6,   8.6,060/06, 24.2, 21.0, 82,1005.9,  10.8,190/11, 22.4, 21.8, 96,1009.4,  10.8,170/16, 21.5, 20.1, 92,1011.2,  10.8,170/20, 18.9, 18.1, 95,1011.6,  11.0,170/15, 20.0, 16.7, 81,1013.9,  11.4
YSSY  , 0, 2, 2010, 02, 13,    0.0, YES,   5.00, 17.45, 19.15, 01.30, 140/07, 24.6, 21.9, 85,1009.6,   0.2,160/04, 23.0, 22.2, 95,1010.2,   1.4,070/01, 23.1, 22.4, 96,1010.7,   6.4,280/06, 22.9, 22.0, 95,1009.2,   9.6,000/00, 22.5, 22.2, 98,1007.2,  12.4,310/04, 22.6, 21.8, 95,1007.5,  12.4
YSSY  , 0, 3, 2010, 04, 20,    0.0, YES,   1.20, 21.03, 21.57, 00.54, 080/12, 24.7, 15.4, 56,1021.7,   0.0,080/07, 22.0, 17.8, 77,1021.8,   0.0,030/05, 21.3, 17.7, 80,1022.6,   0.0,320/05, 19.4, 17.1, 87,1022.3,   0.0,350/05, 17.5, 16.0, 91,1021.5,   0.0,350/07, 17.0, 15.3, 90,1022.3,   0.0
YSSY  , 0, 17, 2010, 05, 01,    0.2, YES,   0.70, 17.15, 23.04, 05.49, 040/10, 21.6, 14.4, 64,1024.4,   0.2,030/08, 19.6, 15.7, 78,1024.5,   0.2,320/07, 18.2, 15.5, 84,1025.3,   0.2,320/06, 16.7, 15.0, 90,1024.5,   0.2,300/07, 14.5, 14.0, 97,1023.8,   0.2,290/07, 14.1, 13.9, 99,1023.8,   0.2
YSSY  , 0, 20, 2010, 06, 23,   10.6, YES,   0.50, 18.12, 25.45, 07.33, 130/11, 15.6, 12.1, 80,1034.2,   5.6,030/06, 14.2, 13.1, 93,1034.1,   6.6,040/05, 14.3, 12.8, 91,1033.8,   8.4,330/07, 13.8, 12.7, 93,1032.8,  10.6,350/05, 12.9, 12.3, 96,1031.6,  10.6,340/07, 11.9, 11.9,100,1031.1,  10.6
YSSY  , 0, 2, 2010, 07, 05,    2.2, YES,   5.00, 21.45, 22.45, 01.00, 250/07, 12.9, 11.2, 89,1024.1,   1.0,320/04, 13.1, 10.6, 85,1022.7,   1.0,300/06, 11.8, 10.6, 92,1022.7,   1.8,320/05, 11.2, 10.2, 94,1021.2,   1.8,350/06, 10.4,  9.8, 96,1018.2,   1.8,360/03, 10.9, 10.3, 96,1016.9,   2.2
YSSY  , 0, 13, 2010, 07, 28,   17.8, YES,   0.80, 15.15, 20.45, 05.30, 020/13, 15.2, 13.4, 89,1024.7,      ,040/09, 14.7, 12.9, 89,1023.7,  11.4,070/17, 14.2, 13.1, 93,1022.3,  13.6,350/11, 15.2, 14.3, 94,1019.9,  17.4,350/08, 12.4, 11.8, 96,1018.7,  17.6,320/09, 12.0, 11.8, 99,1018.8,  17.6
YSSY  , 0, 19, 2010, 07, 29,    3.8, YES,   0.50, 15.32, 22.24, 06.52, 360/11, 17.0, 11.0, 68,1015.9,   0.0,260/05, 14.3, 13.6, 96,1015.6,   2.4,340/03, 14.5, 13.6, 94,1015.4,   3.8,320/04, 12.6, 12.2, 97,1015.7,   3.8,320/05, 13.1, 12.9, 99,1015.4,   3.8,300/09, 12.3, 12.3,100,1016.2,   3.8
YSSY  , 0, 1, 2010, 07, 30,    5.2, YES,   5.00, 22.45, 23.15, 00.30, 010/09, 22.2, 12.3, 53,1013.5,   0.2,350/09, 20.4, 13.8, 66,1014.4,   0.2,010/11, 16.9, 13.0, 78,1013.1,   0.6,350/07, 16.5, 12.7, 78,1012.0,   0.6,280/06, 15.1, 14.2, 94,1011.1,   1.4,310/07, 14.2, 13.8, 97,1011.3,   4.2
YSSY  , 0, 9, 2010, 09, 09,    2.8, YES,   0.50, 17.45, 21.25, 03.40, 340/09, 19.2,  6.9, 45,1010.7,   0.0,360/17, 15.5, 11.8, 79,1009.2,   0.2,030/09, 14.6, 12.6, 88,1009.1,   2.6,270/03, 13.0, 12.1, 94,1007.0,   2.6,320/06, 11.6, 11.0, 96,1005.0,   2.6,280/05, 10.5, 10.5,100,1004.2,   2.6
YSSY  , 0, 3, 2010, 09, 20,    0.0, YES,   0.90, 20.39, 21.25, 00.46, 110/12, 18.7, 11.3, 62,1022.9,   0.0,090/10, 16.0, 11.7, 76,1023.6,   0.0,030/05, 15.9, 12.2, 79,1024.5,   0.0,320/05, 15.3, 12.4, 83,1024.3,   0.0,320/06, 12.5, 11.6, 94,1022.4,   0.0,310/08, 12.4, 10.9, 91,1022.6,   0.0
YSSY  , 0, 1, 2011, 01, 25,    0.0, YES,   3.00, 00.15, 24.45, 00.30, 090/13, 28.3, 19.7, 60,1006.4,   0.0,050/14, 26.6, 20.0, 67,1007.4,   0.0,040/08, 25.4, 22.3, 83,1010.4,   0.0,360/01, 25.3, 22.2, 83,1010.3,   0.0,100/04, 23.2, 22.0, 93,1009.7,   0.0,020/03, 24.7, 22.2, 86,1010.9,   0.0
YSSY  , 0, 4, 2011, 02, 02,    0.0, YES,   5.00, 18.15, 19.45, 01.30, 080/12, 30.1, 21.8, 61,1012.0,   0.0,040/14, 28.4, 22.8, 72,1011.8,   0.0,100/08, 28.2, 21.1, 65,1013.1,   0.0,100/06, 25.8, 23.0, 85,1011.7,   0.0,000/00, 25.4, 23.3, 88,1009.9,   0.0,210/05, 24.6, 23.9, 96,1010.9,   0.0
YSSY  , 0, 1, 2011, 03, 21,    0.0, YES,   6.00, 19.43, 20.13, 00.30, 080/13, 24.4, 21.1, 82,1002.6,   2.8,070/12, 22.7, 22.3, 98,1002.3,  15.2,030/14, 23.6, 21.8, 90,1002.6,  16.4,360/08, 22.9, 22.0, 95,1000.8,  16.4,320/04, 21.7, 20.9, 95, 999.9,  16.4,280/07, 21.6, 20.7, 95,1000.2,  16.4
YSSY  , 0, 7, 2011, 05, 19,    0.0, YES,   0.10, 18.30, 21.15, 02.45, 030/12, 19.9, 13.0, 64,1028.1,   0.0,030/07, 18.1, 12.7, 71,1028.3,   0.0,010/06, 17.6, 12.9, 74,1028.7,   0.0,340/04, 14.5, 12.5, 88,1028.1,   0.0,350/05, 12.4, 11.1, 92,1027.2,   0.0,340/07, 11.3, 10.5, 95,1027.6,   0.0
YSSY  , 0, 6, 2011, 07, 15,    4.8, YES,   4.50, 20.45, 23.45, 03.00, 170/18, 12.6, 10.3, 86,1032.6,   0.4,220/11, 12.0, 11.0, 94,1033.0,   1.4,250/07, 10.3, 10.1, 99,1033.5,   3.4,310/06,  9.6,  9.2, 97,1032.6,   3.4,350/07,  9.7,  9.3, 97,1031.5,   4.0,000/00, 10.2,  9.8, 97,1031.1,   4.8
YSSY  , 0, 12, 2011, 08, 26,    0.0, YES,   0.10, 17.14, 23.15, 06.01, 110/09, 19.0, 11.7, 63,1022.8,   0.0,050/07, 16.9, 13.5, 80,1022.9,   0.0,070/03, 16.1, 14.0, 87,1023.8,   0.0,000/00, 14.0, 13.1, 94,1023.0,   0.0,330/05, 12.5, 11.6, 94,1021.9,   0.0,330/04, 13.5, 12.4, 93,1021.8,   0.0
YSSY  , 0, 6, 2011, 10, 07,    0.0, YES,   5.00, 17.36, 20.50, 03.14, 070/13, 20.4, 13.0, 62,1009.6,   0.2,050/11, 18.5, 15.3, 82,1011.0,   0.2,050/07, 17.2, 15.3, 89,1012.3,   1.4,360/01, 17.0, 15.8, 93,1011.5,   3.0,000/00, 16.1, 15.4, 96,1010.0,   3.0,030/04, 16.1, 15.2, 94,1010.3,   3.0
YSSY  , 0, 14, 2011, 10, 08,    0.0, YES,   0.60, 14.45, 20.59, 06.14, 170/10, 18.1, 15.4, 84,1009.3,   0.2,180/06, 17.6, 15.0, 85,1009.9,   0.2,230/05, 16.7, 15.0, 90,1011.1,   0.2,320/07, 16.3, 14.4, 89,1010.0,   0.2,320/07, 14.3, 13.9, 97,1007.7,   0.2,300/07, 14.0, 13.3, 96,1008.1,   0.2
YSSY  , 0, 3, 2011, 10, 22,    0.0, YES,   5.00, 18.45, 20.15, 01.30, 090/13, 24.4, 15.4, 57,1020.8,   0.0,050/10, 22.0, 16.4, 71,1021.7,   0.0,010/06, 21.3, 16.3, 73,1022.8,   0.0,180/09, 19.0, 18.2, 95,1022.3,   0.0,180/08, 18.7, 18.2, 97,1020.9,   0.0,200/07, 18.8, 17.8, 94,1021.8,   0.0
YSSY  , 0, 1, 2011, 10, 29,    0.0, YES,   3.00, 16.45, 17.15, 00.30, 030/06, 27.8, 17.9, 55,1008.3,   0.0,040/15, 24.1, 17.2, 65,1008.5,   0.0,180/15, 21.4, 17.2, 77,1010.3,   0.0,250/03, 20.0, 18.1, 89,1010.6,   0.0,180/13, 18.2, 18.0, 99,1009.9,   0.0,190/09, 18.2, 16.9, 92,1011.5,   0.0
YSSY  , 0, 1, 2011, 11, 16,    0.2, YES,   2.50, 22.15, 22.45, 00.30, 210/14, 19.5, 16.5, 83,1019.1,   0.0,190/12, 18.3, 16.3, 88,1019.8,   1.2,280/08, 17.6, 16.8, 95,1021.8,   4.4,220/05, 15.9, 15.2, 96,1020.4,   8.2,260/06, 15.8, 15.3, 97,1019.0,   9.6,100/04, 16.9, 15.4, 91,1020.2,   9.8
YSSY  , 0, 1, 2012, 01, 05,    0.0, YES,   5.00, 15.15, 15.45, 00.30, 070/16, 23.5, 15.3, 60,1013.0,   0.0,050/13, 23.4, 16.7, 66,1011.9,   0.0,080/02, 21.6, 19.6, 88,1013.2,   3.0,050/07, 21.4, 20.3, 93,1012.2,   4.8,200/23, 19.5, 17.7, 89,1011.8,   4.8,190/21, 18.8, 15.8, 83,1013.3,   4.8
YSSY  , 0, 3, 2012, 01, 08,    0.0, YES,   3.70, 17.15, 19.45, 02.30, 030/18, 26.4, 19.3, 65,1002.4,   0.0,060/06, 23.3, 21.8, 91,1001.9,   4.8,150/07, 22.8, 21.7, 94,1004.2,   5.4,290/06, 22.8, 21.7, 94,1003.0,   7.6,000/00, 23.0, 22.1, 95,1003.2,   7.8,190/16, 20.8, 19.2, 91,1005.4,   7.8
YSSY  , 0, 1, 2012, 04, 02,    0.0, YES,   6.00, 20.00, 20.30, 00.30, 140/09, 23.4, 16.7, 66,1014.7,   0.0,080/07, 22.0, 16.7, 72,1014.9,   0.0,360/03, 21.4, 16.8, 75,1015.7,   0.0,340/04, 20.0, 17.0, 83,1015.0,   0.0,360/06, 18.1, 16.1, 88,1014.1,   0.0,320/08, 17.6, 15.7, 89,1014.8,   0.0
YSSY  , 0, 9, 2012, 04, 20,    0.2, YES,   0.10, 18.24, 21.15, 02.51, 050/10, 24.8, 17.6, 64,1014.2,   0.2,050/07, 22.4, 18.4, 78,1014.6,   0.2,020/03, 22.4, 19.4, 83,1016.1,   0.2,290/04, 21.3, 18.9, 86,1015.6,   0.2,130/03, 18.7, 18.0, 96,1014.5,   0.2,330/05, 17.9, 17.6, 98,1015.0,   0.2
YSSY  , 0, 7, 2012, 04, 21,    0.0, YES,   0.20, 20.53, 23.15, 02.22, 180/13, 22.3, 18.5, 79,1012.9,   0.0,210/08, 20.8, 18.9, 89,1013.6,   0.0,270/05, 20.2, 17.9, 87,1014.5,   0.0,360/04, 18.9, 16.9, 88,1013.4,   0.0,360/04, 17.9, 16.4, 91,1013.0,   0.0,310/07, 17.3, 15.8, 91,1013.1,   0.0
YSSY  , 0, 2, 2012, 05, 24,    9.8, YES,   5.00, 13.45, 14.45, 01.00, 320/06, 13.3, 12.0, 92,1018.7,   3.6,290/08, 13.3, 11.6, 89,1017.1,   4.4,060/01, 13.0, 12.1, 94,1015.6,   7.8,340/05, 12.8, 11.9, 94,1013.2,   8.8,020/17, 16.8, 13.4, 80,1011.2,   8.8,350/08, 15.0, 13.4, 90,1012.2,   9.4
YSSY  , 0, 8, 2012, 06, 03,   10.4, YES,   3.50, 14.45, 22.15, 07.30, 170/11, 15.2, 14.1, 93,1010.8,   9.6,220/07, 14.7, 13.8, 94,1010.1,  10.2,280/05, 14.4, 13.3, 93,1009.7,  10.2,310/06, 14.0, 12.9, 93,1007.9,  10.2,300/08, 12.9, 12.3, 96,1005.7,  10.2,320/08, 13.4, 11.9, 91,1005.0,  10.2
YSSY  , 0, 1, 2012, 06, 13,    6.6, YES,   6.00, 09.15, 09.45, 00.30, 200/11, 14.5, 13.2, 92,1019.2,   3.2,170/08, 14.3, 13.0, 92,1019.8,   5.0,210/08, 13.7, 13.0, 96,1019.9,   6.0,350/07, 13.5, 12.4, 93,1019.2,   6.2,310/08, 12.2, 11.4, 95,1018.0,   6.4,350/06, 12.1, 11.1, 94,1018.2,   6.6
YSSY  , 0, 13, 2012, 07, 09,    0.0, YES,   0.70, 19.45, 22.15, 02.30, 040/14, 17.8, 10.0, 60,1026.5,   0.0,010/05, 15.4, 10.9, 75,1026.5,   0.0,310/01, 12.4, 11.3, 93,1026.9,   0.0,000/00, 11.2, 10.4, 95,1026.5,   0.0,320/04, 10.0,  8.6, 91,1025.7,   0.0,350/07,  8.6,  7.1, 90,1025.8,   0.0
YSSY  , 1, 11, 2012, 07, 24,    3.4, YES,   0.30, 18.55, 24.15, 05.20, 020/07, 13.2, 11.9, 92,1025.7,   2.4,220/08, 13.5, 10.8, 84,1025.4,   3.2,310/06, 13.3, 11.6, 89,1025.9,   3.2,310/06, 12.4, 11.1, 92,1024.9,   3.2,330/08, 11.5, 10.5, 94,1023.8,   3.2,310/07,  9.9,  9.7, 99,1023.4,   3.2
YSSY  , 0, 1, 2012, 11, 26,    0.0, YES,   6.00, 19.45, 20.15, 00.30, 190/13, 21.5, 18.8, 85,1014.0,   0.0,150/07, 21.2, 19.0, 87,1014.1,   0.2,180/07, 20.3, 19.0, 92,1015.1,   0.2,180/04, 20.4, 19.1, 92,1014.5,   0.2,170/05, 19.8, 18.5, 92,1011.6,   0.2,150/04, 20.2, 18.8, 92,1013.5,   0.2
YSSY  , 0, 8, 2012, 12, 03,    0.0, YES,   3.00, 16.25, 19.15, 02.50, 080/11, 21.5, 17.1, 76,1006.1,   0.6,060/07, 21.0, 17.6, 81,1005.4,   0.6,000/00, 20.1, 18.0, 88,1006.2,   0.6,310/05, 19.1, 17.6, 91,1004.5,   0.6,280/10, 18.0, 17.3, 96,1002.7,   0.6,260/11, 19.1, 12.7, 66,1003.8,   0.6
YSSY  , 0, 2, 2012, 12, 24,    0.0, YES,   3.00, 19.15, 20.15, 01.00, 050/22, 28.6, 19.2, 57,1008.0,      ,040/17, 26.3, 19.8, 67,1007.4,   0.0,190/19, 22.2, 20.7, 91,1013.8,   0.6,020/17, 22.3, 19.8, 86,1010.1,   3.8,190/15, 21.3, 19.6, 90,1011.3,   4.0,180/19, 19.8, 18.7, 93,1012.9,   4.0
YSSY  , 0, 1, 2013, 02, 11,    0.0, YES,   5.00, 18.45, 19.15, 00.30, 190/19, 21.1, 16.6, 75,1018.7,   0.0,160/15, 21.3, 16.5, 74,1018.6,   0.0,180/15, 20.4, 19.1, 92,1019.9,   0.0,200/11, 20.0, 18.9, 93,1019.5,   4.2,170/13, 19.6, 18.8, 95,1018.4,  12.6,190/14, 19.1, 18.0, 93,1019.3,  14.6
YSSY  , 0, 8, 2013, 05, 11,    0.0, YES,   0.20, 21.08, 24.15, 03.07, 050/15, 20.9, 14.5, 67,1027.4,   0.0,050/09, 18.8, 14.1, 74,1027.8,   0.0,050/06, 17.4, 13.3, 77,1028.5,   0.0,330/07, 17.5, 13.6, 78,1027.7,   0.0,320/05, 16.1, 13.6, 85,1026.5,   0.0,320/07, 14.4, 12.7, 90,1026.4,   0.0
YSSY  , 0, 15, 2013, 05, 27,    6.0, YES,   0.25, 18.15, 23.45, 05.30, 190/16, 17.5, 11.4, 67,1028.3,   0.0,170/18, 17.0, 13.2, 78,1029.2,   0.0,330/07, 15.2, 14.1, 93,1030.5,   4.4,300/07, 13.9, 12.8, 93,1030.5,   5.0,300/05, 13.6, 12.7, 94,1030.4,   6.0,320/07, 13.0, 12.4, 96,1031.5,   6.0
YSSY  , 1, 15, 2013, 05, 28,    0.2, YES,   0.30, 16.02, 23.45, 07.43, 050/14, 18.2, 12.2, 68,1030.1,   0.0,290/05, 16.9, 13.1, 78,1030.2,   0.0,310/04, 15.3, 13.5, 89,1030.6,   0.0,330/06, 14.6, 13.0, 90,1030.3,   0.0,320/05, 12.6, 12.0, 96,1029.8,   0.0,320/06, 12.1, 11.7, 97,1030.2,   0.2
YSSY  , 0, 10, 2013, 05, 29,    0.0, YES,   0.25, 18.39, 21.15, 02.36, 020/07, 22.2, 11.8, 52,1027.7,   0.0,030/08, 19.4, 13.4, 68,1027.5,   0.0,020/05, 17.5, 11.6, 68,1028.4,   0.0,330/06, 16.0, 12.5, 80,1028.2,   0.0,350/06, 13.6, 12.1, 91,1028.0,   0.0,350/06, 12.2, 11.6, 96,1028.0,   0.0
YSSY  , 1, 7, 2013, 05, 30,    0.0, YES,   0.40, 19.57, 21.25, 01.28, 050/12, 22.0, 12.6, 55,1025.6,   0.0,010/08, 20.0, 14.1, 69,1026.0,   0.0,350/08, 18.6, 12.1, 66,1027.2,   0.0,020/02, 15.8, 11.7, 77,1026.6,   0.0,340/05, 12.5, 11.0, 91,1026.3,   0.0,340/08, 12.6, 10.9, 89,1026.9,   0.0
YSSY  , 0, 13, 2013, 06, 09,    0.0, YES,   0.20, 16.45, 20.45, 04.00, 030/14, 18.7, 10.3, 58,1024.0,   0.0,030/06, 17.5, 12.2, 71,1023.2,   0.0,010/04, 15.4, 12.7, 84,1023.4,   0.0,300/05, 13.8, 11.5, 86,1022.8,   0.0,320/07, 10.7,  9.7, 94,1021.8,   0.0,350/07, 10.2,  9.6, 96,1021.2,   0.0
YSSY  , 1, 24, 2013, 06, 10,    0.8, YES,   0.10, 12.06, 22.00, 09.54, 290/10, 18.4, 13.1, 71,1018.5,   0.0,340/05, 16.1, 14.0, 87,1018.7,   0.6,340/06, 14.3, 12.6, 90,1019.4,   0.6,310/07, 11.7, 11.3, 97,1019.2,   0.6,,,,,,,320/05, 10.0,  9.0, 93,1019.3,   0.8
YSSY  , 2, 38, 2013, 06, 12,    6.2, YES,   0.10, 10.15, 21.15, 11.00, 290/09, 16.0, 13.7, 86,1009.6,   6.2,310/09, 14.9, 12.3, 84,1008.4,   6.2,300/05, 13.3, 12.2, 93,1009.8,   6.2,310/08, 12.6, 11.9, 95,1008.4,   6.2,320/07, 11.3, 10.9, 97,1007.2,   6.2,320/07, 11.2, 10.4, 95,1007.2,   6.2
YSSY  , 0, 4, 2013, 10, 28,    0.0, YES,   1.20, 19.01, 20.45, 01.44, 090/14, 22.5, 13.7, 58,1013.6,   5.2,050/11, 20.7, 14.5, 68,1012.9,   5.2,030/07, 20.7, 15.8, 74,1012.2,   5.2,140/03, 18.7, 17.2, 91,1009.1,   5.2,250/09, 17.2, 16.4, 95,1006.5,   5.2,300/07, 17.0, 16.0, 94,1005.8,   5.2
YSSY  , 0, 2, 2013, 11, 22,    0.0, YES,   5.00, 17.00, 17.45, 00.45, 030/19, 21.7, 18.7, 83,1006.2,   1.8,060/16, 20.3, 18.9, 92,1006.8,   9.8,020/09, 21.5, 18.1, 81,1007.1,   9.8,350/04, 20.2, 18.1, 88,1006.0,  10.2,000/00, 17.8, 17.1, 96,1004.0,  10.2,310/06, 20.2, 17.6, 85,1005.0,  10.2
YSSY  , 0, 8, 2014, 08, 08,    0.2, YES,   0.30, 19.36, 22.15, 02.39, 130/09, 15.4, 10.2, 71,1029.7,   0.0,090/07, 14.0, 10.5, 79,1029.9,   0.0,000/00, 13.5, 10.0, 79,1030.7,   0.0,360/07, 11.6,  9.2, 85,1030.5,   0.0,350/07, 10.3,  8.4, 88,1029.2,   0.0,350/08,  8.8,  8.2, 96,1029.4,   0.0
YSSY  , 0, 13, 2014, 10, 24,    0.0, YES,   0.25, 18.36, 20.55, 02.19, 030/22, 24.4, 16.6, 62,1013.3,   0.2,040/22, 22.5, 17.0, 71,1012.2,   0.2,360/08, 22.4, 17.0, 72,1013.1,   0.2,200/07, 19.1, 18.0, 93,1012.3,   0.2,180/04, 18.6, 17.8, 95,1012.2,   0.2,270/06, 18.4, 17.9, 97,1014.4,   0.2
YSSY  , 0, 15, 2015, 04, 05,    0.0, YES,   0.40, 18.35, 22.15, 03.40, 170/10, 21.6, 15.4, 68,1005.8,   0.0,150/08, 20.3, 15.4, 73,1005.8,   0.0,000/00, 20.2, 15.3, 73,1007.3,   0.0,320/07, 18.5, 15.6, 83,1006.4,   0.0,330/05, 16.9, 15.2, 90,1005.6,   0.0,330/06, 15.6, 15.1, 97,1006.5,   0.0
YSSY  , 0, 7, 2015, 04, 23,    0.2, YES,   0.80, 20.03, 21.24, 01.21, 170/08, 20.2, 17.1, 82,1009.7,   0.2,150/04, 19.2, 15.5, 79,1009.9,   0.2,300/04, 18.2, 16.0, 87,1010.6,   0.2,310/05, 17.4, 15.7, 90,1009.4,   0.2,310/04, 16.5, 15.3, 93,1008.1,   0.2,330/06, 15.6, 14.6, 94,1007.5,   0.2
YSSY  , 1, 15, 2015, 05, 04,    0.0, YES,   0.20, 16.15, 21.15, 05.00, 170/09, 19.9, 16.1, 79,1013.2,   0.0,140/05, 18.9, 16.0, 83,1013.5,   0.0,000/00, 17.6, 16.3, 92,1013.9,   0.0,010/02, 16.4, 15.2, 93,1012.5,   0.0,320/05, 15.5, 15.0, 97,1010.8,   0.0,320/08, 15.8, 14.8, 94,1009.2,   0.0
YSSY  , 0, 1, 2015, 07, 23,    0.6, YES,   6.00, 22.45, 23.15, 00.30, 130/07, 16.0, 11.5, 75,1023.4,   0.6,200/06, 14.3, 12.6, 90,1023.5,   0.6,250/05, 13.6, 11.9, 89,1023.4,   0.6,300/04, 13.3, 11.6, 89,1022.2,   0.6,350/05, 11.9, 10.7, 92,1020.4,   0.6,320/05, 12.4, 10.9, 91,1019.5,   0.6
YSSY  , 0, 4, 2015, 11, 05,    0.0, YES,   4.60, 16.45, 18.45, 02.00, 030/20, 21.8, 17.2, 75,1009.9,   1.0,040/24, 20.9, 17.8, 82,1009.0,   1.0,030/18, 20.2, 19.1, 93,1009.7,   3.6,330/05, 20.0, 19.2, 95,1008.6,   7.8,310/07, 19.3, 18.8, 97,1006.5,   8.2,320/11, 19.6, 18.3, 92,1007.2,   8.2
YSSY  , 0, 6, 2016, 01, 30,    0.0, YES,   3.50, 19.15, 21.25, 02.10, 170/14, 24.6, 21.6, 83,1001.7,   0.2,110/13, 22.6, 21.1, 91,1002.7,  17.8,050/10, 23.7, 22.2, 91,1002.4,  23.6,310/08, 22.4, 19.8, 85,1001.8,  23.6,340/07, 20.7, 19.3, 92,1000.9,  23.6,330/10, 20.0, 19.2, 95,1003.0,  23.6
YSSY  , 2, 5, 2016, 07, 17,    0.0, YES,   0.30, 18.45, 21.45, 03.00, 030/08, 19.0, 12.5, 66,1026.9,   0.0,030/09, 17.8, 13.9, 78,1027.1,   0.0,360/06, 15.7, 13.2, 85,1027.6,   0.0,330/08, 13.8, 12.5, 92,1025.5,   0.0,320/06, 12.7, 11.6, 93,1024.2,   0.0,270/09, 11.3, 11.1, 99,1024.6,   0.0
YSSY  , 0, 1, 2017, 01, 31,    0.0, YES,   6.00, 22.15, 22.45, 00.30, 170/22, 23.5, 20.9, 85,1010.0,   0.0,190/16, 22.7, 20.4, 87,1012.9,   0.0,190/16, 22.3, 20.0, 87,1014.9,   0.0,190/16, 21.1, 19.8, 92,1015.0,   0.0,200/15, 20.7, 19.4, 92,1015.3,   0.0,200/09, 20.9, 18.5, 86,1016.2,   0.0
YSSY  , 0, 5, 2017, 02, 10,    0.0, YES,   4.50, 09.45, 17.15, 07.30, 050/11, 39.6, 18.5, 30,1005.0,   0.0,190/18, 33.6, 16.6, 36,1005.2,   0.0,170/18, 24.4, 22.6, 90,1008.3,   0.0,180/13, 24.3, 23.1, 93,1008.5,   0.0,190/11, 23.4, 23.1, 98,1008.0,   0.0,260/05, 23.4, 21.9, 91,1008.0,   0.0
YSSY  , 0, 4, 2017, 02, 11,    0.0, YES,   4.00, 10.45, 12.15, 01.30, 020/13, 38.3, 22.0, 39,1001.2,   0.0,190/15, 35.8, 20.7, 42,1000.0,   0.0,180/22, 24.1, 23.4, 96,1004.1,   0.0,190/08, 25.1, 22.7, 87,1003.8,   0.0,240/10, 23.9, 22.3, 91,1002.6,   0.0,320/10, 25.5, 22.2, 82,1000.9,   0.0
YSSY  , 0, 4, 2017, 06, 10,    2.4, YES,   1.50, 19.02, 20.15, 01.13, 160/10, 17.2, 13.3, 78,1030.2,   0.0,160/10, 16.6, 13.1, 80,1030.4,   0.0,140/10, 17.1, 12.2, 73,1030.7,   0.0,200/05, 14.6, 13.5, 93,1030.1,   1.6,230/05, 13.9, 13.7, 99,1029.2,   2.0,340/07, 12.3, 12.1, 99,1028.6,   2.2
YSSY  , 2, 19, 2017, 06, 11,    0.0, YES,   0.20, 14.39, 22.15, 07.36, 170/04, 16.3, 14.8, 91,1025.8,   0.0,330/04, 16.4, 14.6, 89,1025.9,   0.0,330/05, 15.0, 14.2, 95,1025.6,   0.0,270/04, 13.2, 13.0, 99,1025.4,   0.0,350/06, 12.8, 12.6, 99,1024.7,   0.0,310/08, 11.6, 11.6,100,1024.5,   0.0
YSSY  , 0, 3, 2017, 06, 14,    0.2, YES,   1.00, 17.59, 19.15, 01.16, 130/04, 18.1, 14.8, 81,1028.2,   0.0,050/04, 17.1, 14.6, 85,1028.0,   0.0,310/05, 16.7, 14.3, 86,1028.3,   0.0,330/04, 13.9, 13.6, 98,1028.0,   0.0,010/06, 11.9, 11.7, 99,1027.3,   0.0,320/08, 11.7, 11.2, 97,1026.7,   0.2
YSSY  , 0, 1, 2017, 12, 16,    0.0, YES,   6.00, 17.59, 18.29, 00.30, 060/20, 28.7, 18.5, 54,1010.8,   0.0,040/19, 25.7, 20.0, 71,1010.9,   0.0,130/07, 22.6, 21.1, 91,1013.9,   0.0,160/11, 23.1, 21.5, 91,1014.9,   0.0,190/11, 21.3, 21.3,100,1013.7,   0.2,190/11, 21.6, 21.6,100,1014.8,   0.4
YSSY  , 0, 10, 2018, 06, 06,   19.6, YES,   0.35, 15.30, 19.25, 03.55, 120/05, 14.6, 13.1, 91,1030.0,   6.6,200/07, 13.8, 13.0, 95,1031.5,  18.4,210/06, 13.6, 13.0, 96,1032.4,  19.4,320/07, 12.2, 11.3, 94,1032.6,  19.4,000/00,  9.8,  9.3, 97,1031.2,  19.4,330/07, 10.2,  9.3, 94,1031.9,  19.6
YSSY  , 2, 15, 2018, 06, 28,    6.2, YES,   1.00, 11.45, 20.45, 09.00, 270/11, 16.0,  8.2, 60,1021.2,   0.2,200/05, 10.8,  9.1, 89,1022.1,   5.6,300/07, 10.2,  8.6, 90,1022.1,   6.2,300/09,  9.0,  8.4, 96,1022.0,   6.2,280/07,  7.4,  6.7, 95,1020.7,   6.2,330/09,  7.0,  6.4, 96,1020.7,   6.2
YSSY  , 1, 7, 2018, 07, 04,    0.0, YES,   0.50, 18.05, 21.15, 03.10, 030/11, 19.7, 13.4, 67,1024.4,   0.0,030/10, 17.4, 14.3, 82,1024.0,   0.0,010/08, 16.2, 13.5, 84,1024.0,   0.0,340/02, 13.8, 12.5, 92,1023.8,   0.0,340/04, 11.5, 10.7, 95,1022.8,   0.0,330/08, 10.3,  9.4, 94,1022.0,   0.0
YSSY  , 0, 12, 2018, 10, 18,    0.0, YES,   0.90, 17.45, 22.15, 04.30, 360/16, 20.6, 19.1, 91,1016.0,   5.4,030/18, 20.9, 17.5, 81,1015.3,   7.2,060/06, 19.0, 16.6, 86,1017.5,   7.2,040/07, 18.8, 17.6, 93,1017.1,   7.2,030/05, 18.2, 17.0, 93,1015.9,   7.2,330/06, 19.0, 18.0, 94,1017.2,   7.2
YSSY  , 0, 3, 2018, 12, 14,    0.2, YES,   5.00, 17.15, 18.45, 01.30, 150/08, 21.1, 20.3, 95,1003.8,   2.0,160/10, 21.3, 20.8, 97,1003.9,  10.4,180/07, 21.6, 20.9, 96,1005.6,  10.4,170/06, 21.5, 20.8, 96,1004.4,  10.4,030/06, 22.1, 21.4, 96,1004.2,  10.8,030/06, 22.5, 21.5, 94,1005.9,  10.8
YSSY  , 0, 1, 2018, 12, 18,    0.0, YES,   6.00, 15.55, 16.25, 00.30, 180/18, 23.6, 19.5, 78,1012.7,   0.0,180/15, 22.5, 20.6, 89,1013.8,   0.0,170/10, 22.1, 20.2, 89,1015.6,   0.0,190/14, 21.2, 20.5, 96,1014.9,   1.2,180/11, 20.7, 20.0, 96,1013.5,   1.2,150/07, 21.5, 19.4, 88,1014.4,   1.4
YSSY  , 0, 6, 2019, 01, 01,    0.0, YES,   0.40, 18.15, 19.45, 01.30, 060/17, 33.3, 12.3, 28,1008.7,   0.0,030/15, 28.0, 16.3, 49,1009.4,   0.0,040/07, 26.0, 17.1, 58,1011.2,   0.0,140/10, 21.9, 19.3, 85,1011.3,   0.0,150/09, 21.1, 20.1, 94,1010.3,   0.0,160/08, 21.1, 20.6, 97,1011.7,   0.0
YSSY  , 1, 13, 2019, 04, 02,    0.0, YES,   0.20, 18.15, 22.15, 04.00, 100/12, 22.3, 14.2, 60,1025.7,   1.6,110/08, 21.6, 15.9, 70,1026.5,   1.6,330/10, 19.9, 16.0, 78,1027.9,   1.6,290/06, 18.0, 16.5, 91,1027.1,   1.6,330/05, 16.8, 15.5, 92,1026.0,   1.6,320/05, 16.4, 15.9, 97,1026.6,   1.6
YSSY  , 0, 2, 2019, 04, 05,    0.0, YES,   5.00, 16.05, 16.45, 00.40, 160/09, 20.5, 17.1, 81,1026.2,   1.6,170/08, 18.9, 17.0, 89,1025.9,   1.6,270/06, 18.1, 17.1, 94,1025.9,   3.4,360/06, 17.7, 16.7, 94,1024.1,   3.4,330/09, 17.4, 16.6, 95,1023.1,   3.4,340/06, 18.0, 16.2, 89,1022.0,   3.6
YSSY  , 0, 20, 2019, 06, 07,    2.8, YES,   0.25, 17.53, 24.05, 06.12, 000/00, 16.3, 13.6, 84,1033.4,   2.8,260/04, 15.0, 13.2, 89,1032.7,   2.8,350/06, 15.3, 13.8, 91,1034.6,   2.8,000/00, 13.7, 12.6, 93,1033.8,   2.8,310/04, 12.5, 11.6, 94,1032.8,   2.8,330/07, 11.3, 11.0, 98,1032.1,   2.8
YSSY  , 1, 18, 2019, 06, 28,    0.0, YES,   0.20, 19.10, 23.37, 04.27, 020/12, 20.2, 10.9, 55,1029.1,   0.0,030/07, 17.6, 12.3, 71,1028.9,   0.0,010/06, 16.7, 11.6, 72,1029.7,   0.0,310/04, 14.5, 11.1, 80,1029.2,   0.0,350/05, 11.2,  9.6, 90,1027.7,   0.0,320/07,  9.0,  8.4, 96,1027.3,   0.0
YSSY  , 0, 2, 2019, 07, 05,    2.0, YES,   0.50, 19.35, 20.15, 00.40, 200/07, 15.7, 13.7, 88,1034.1,   0.4,100/07, 15.8,  8.8, 63,1034.8,   0.4,080/05, 15.4, 10.4, 72,1035.7,   0.4,150/07, 14.1, 13.0, 93,1035.4,   1.6,330/03, 13.2, 12.3, 94,1034.8,   1.8,340/05, 11.1, 10.6, 97,1034.9,   1.8
YSSY  , 0, 31, 2019, 07, 06,    1.2, YES,   0.30, 18.24, 24.15, 05.51, 060/08, 17.7,  8.6, 55,1033.6,   0.2,070/06, 16.5,  9.0, 61,1033.8,   0.2,180/05, 14.3, 13.2, 93,1034.7,   0.6,270/07, 14.0, 13.2, 95,1034.2,   1.2,320/05, 13.1, 12.3, 95,1033.1,   1.2,340/06, 12.1, 11.8, 98,1033.1,   1.2
YSSY  , 0, 1, 2019, 10, 30,    0.0, YES,   6.00, 18.45, 19.15, 00.30, 080/12, 25.1, 15.7, 56,1015.1,   0.0,030/11, 22.8, 14.6, 60,1015.4,   0.0,030/07, 21.5, 17.1, 76,1016.4,   0.0,000/00, 19.0, 17.0, 88,1016.2,   0.0,170/02, 18.5, 17.7, 95,1015.5,   0.0,070/01, 19.1, 17.6, 91,1017.2,   0.0
YSSY  , 0, 2, 2019, 11, 29,    0.0, YES,   5.00, 18.33, 19.15, 00.42, 050/16, 28.5, 16.7, 49,1009.3,   0.0,040/14, 23.7, 19.2, 76,1008.8,   0.0,040/06, 23.2, 19.2, 78,1009.7,   0.0,220/05, 20.7, 19.5, 93,1008.3,   0.0,320/07, 20.8, 17.6, 82,1006.2,   0.0,170/16, 20.0, 18.0, 88,1008.1,   0.0
YSSY  , 0, 1, 2019, 12, 10,    0.0, YES,   5.00, 03.15, 03.45, 00.30, 170/19, 21.4, 19.7, 90,1010.8,   0.0,170/23, 20.3, 17.9, 86,1013.3,   0.0,180/23, 19.4, 15.9, 80,1016.9,   0.0,200/19, 19.0, 15.1, 78,1016.7,   0.0,210/17, 18.6, 14.5, 77,1015.5,   0.0,210/12, 18.8, 14.9, 78,1016.1,   0.0
YSSY  , 0, 5, 2020, 02, 09,    0.0, YES,   1.50, 17.15, 19.15, 02.00, 100/31, 20.6, 19.8, 95,1008.6,  56.4,100/24, 20.1, 19.6, 97,1009.1,  96.2,080/27, 21.5, 20.7, 95,1010.0, 150.6,100/17, 20.7, 19.9, 95,1009.1, 155.2,050/06, 21.3, 20.6, 96,1006.8, 162.4,030/08, 21.7, 21.0, 96,1008.7, 162.8
YSSY  , 0, 17, 2020, 06, 10,    3.2, YES,   0.40, 17.57, 22.45, 04.48, 030/05, 15.7, 14.7, 94,1026.0,   2.4,030/09, 16.7, 14.9, 89,1025.4,   3.0,010/09, 16.2, 14.0, 87,1025.5,   3.0,340/06, 15.5, 14.2, 92,1024.9,   3.2,270/04, 14.3, 13.5, 95,1023.6,   3.2,260/07, 13.7, 13.2, 97,1023.2,   3.2
YSSY  , 0, 11, 2020, 06, 12,    2.8, YES,   0.40, 11.38, 21.15, 09.37, 310/07, 16.3, 14.7, 90,1024.3,   2.0,230/06, 14.4, 13.4, 94,1024.4,   2.6,310/06, 14.0, 13.2, 95,1024.3,   2.6,340/06, 13.0, 12.5, 97,1023.9,   2.6,350/06, 12.2, 11.7, 97,1023.2,   2.6,320/06, 11.6, 11.0, 96,1023.0,   2.8
YSSY  , 0, 6, 2020, 06, 19,    0.0, YES,   0.20, 20.45, 23.15, 02.30, 040/09, 18.9, 12.2, 65,1027.6,   0.0,010/03, 16.4, 12.8, 79,1027.4,   0.0,010/07, 15.6, 11.6, 77,1028.0,   0.0,330/07, 13.7, 10.9, 83,1027.0,   0.0,280/08, 11.3,  9.6, 89,1025.9,   0.0,030/05, 10.2,  9.0, 92,1024.5,   0.0
YSSY  , 0, 2, 2020, 07, 09,    0.0, YES,   4.00, 21.45, 22.45, 01.00, 060/09, 17.0, 10.8, 67,1027.7,   0.0,040/06, 14.9, 12.2, 84,1028.1,   0.0,000/00, 13.9, 11.4, 85,1028.7,   0.0,270/06, 12.9, 11.5, 91,1027.9,   0.0,350/05, 12.0, 10.7, 92,1027.0,   0.0,300/06, 11.3, 10.2, 93,1026.9,   0.0
YSSY  , 0, 8, 2020, 07, 11,    0.6, YES,   0.35, 15.32, 18.15, 02.43, 290/06, 16.0, 12.6, 80,1013.9,   0.4,250/06, 14.0, 11.9, 87,1014.2,   0.4,250/07, 13.2, 12.1, 93,1015.0,   0.4,320/04, 12.2, 11.1, 93,1014.9,   0.4,310/06, 10.1,  9.5, 96,1014.9,   0.4,310/08,  9.1,  8.3, 95,1015.4,   0.6
YSSY  , 1, 1, 2020, 08, 07,   26.8, YES,   5.00, 20.45, 21.37, 00.52, 100/09, 12.6, 11.5, 93,1018.4,   8.4,100/05, 12.7, 12.1, 96,1016.8,  18.2,260/05, 12.2, 11.7, 97,1017.1,  26.4,190/05, 12.8, 12.3, 97,1015.5,  26.8,210/06, 13.0, 12.4, 96,1014.1,  26.8,330/06, 12.4, 11.8, 96,1013.9,  26.8
YSSY  , 1, 4, 2020, 09, 04,    8.0, YES,   0.80, 20.08, 21.04, 00.56, 030/07, 18.3, 13.8, 75,1014.1,   2.4,000/00, 16.7, 14.7, 88,1014.9,   5.6,250/05, 16.9, 13.8, 82,1015.0,   5.8,280/05, 16.0, 14.9, 93,1014.9,   8.0,270/04, 14.8, 13.7, 93,1014.0,   8.0,290/05, 13.0, 11.9, 93,1015.3,   8.0
YSSY  , 0, 7, 2020, 09, 18,    1.4, YES,   3.80, 17.45, 20.15, 02.30, 160/06, 16.9, 14.2, 84,1029.3,   0.0,130/05, 15.5, 14.7, 95,1029.6,   0.0,190/07, 15.7, 15.1, 96,1029.9,   1.0,230/05, 15.9, 15.4, 97,1029.0,   1.2,300/03, 15.4, 14.8, 96,1027.0,   1.4,000/00, 15.0, 14.5, 97,1027.4,   1.4
